epoch,step,train_loss,train_acc,train_ppl,train_te,val_loss,val_acc,val_ppl,val_te,sav_version
0,21,15.2075898760841,0.002261045101985285,390.270831555924,0.9707058372469333,15.017563956124443,0.010149595844975321,325.71101602445,0.9699515419836608,1
1,42,14.720068068731399,0.03122671964338831,248.56624848550226,0.9649781455813672,14.403583072480702,0.03699222225289002,181.65334869639474,0.9512617803796647,2
2,63,14.149481046767463,0.054308827362900235,148.26776735443988,0.9326249638201715,13.954083578927177,0.041667093302547566,125.12465373573443,0.9057796836778151,3
