epoch,step,train_loss,train_acc,train_ppl,train_te,val_loss,val_acc,val_ppl,val_te,sav_version
0,428,8.552240926528645,0.34654991971750554,82.28478921863547,0.7565945868858869,7.172840694586436,0.5380216015281062,9.693869011906564,0.5460908787355861,1
