epoch,step,train_loss,train_acc,val_loss,val_acc,train_task,train_kl,train_recon,train_contr,val_task,val_kl,val_recon,val_contr,train_ppl,train_te,val_ppl,val_te,sav_version
0,82,7.847438184226432,0.013781997038445284,13.218408991650838,0.04002360316214181,5.780466335575755,0.0035361242083060307,5.824115677577693,2.0634357202343825,5.317539924528541,0.003455111833584563,5.829451915694446,2.0679620140936317,336.6026086162142,0.9692129047066238,207.75224924825574,0.9555979206213119,1
