epoch,step,train_loss,train_acc,val_loss,val_acc,train_task,train_kl,train_recon,train_contr,val_task,val_kl,val_recon,val_contr,train_ppl,train_te,val_ppl,val_te,sav_version
0,21,15.146217527843657,0.008712375448771122,14.926431247166224,0.020635051588922895,5.872885136377244,0.004487048967608384,5.861808617909749,3.407036554245722,5.650806563241141,0.004431287092821938,5.855110463641939,3.4160828363327753,356.76559371274885,0.9722339764654558,285.41359662860043,0.9711540037480287,1
1,42,14.676953542800177,0.03643988985243524,14.326030731201172,0.04909205311079218,5.406940119607108,0.0044200788252055645,5.8502116203308105,3.4153817608242942,5.077938284192767,0.004391069767907972,5.832139764513288,3.411561750230335,228.65021624209874,0.9607785877711708,163.1793181640527,0.9406206845390945,2
2,63,14.154560316176642,0.054394973447956234,14.041314306713286,0.04813761721146198,4.926755428314209,0.004684388681891419,5.806579612550282,3.416540963309152,4.823853379204159,0.005151117619659219,5.795300165812175,3.417009716942197,140.24630879967486,0.9172505745652861,125.12481488584466,0.8920054098336883,3
