epoch,step,train_loss,train_acc,val_loss,val_acc,train_task,train_kl,train_recon,train_contr,val_task,val_kl,val_recon,val_contr,train_ppl,train_te,val_ppl,val_te,sav_version
0,82,11.636715586592512,0.010513077656920701,13.239751757645026,0.032549095797031524,5.819250188222745,0.0044600502247127095,5.813005296195426,2.066199013372747,5.371380183754898,0.0047377263048164,5.796747283237736,2.0668866241850505,346.5201481109907,0.9686375083931252,220.16676704458007,0.960371582486798,1
