epoch,step,train_loss,train_acc,val_loss,val_acc,train_task,train_kl,train_recon,train_contr,val_task,val_kl,val_recon,val_contr,train_ppl,train_te,val_ppl,val_te,sav_version
0,82,5.765362163869346,0.017893861428971525,13.313877466248304,0.036339540007636256,5.760287738427883,0.005074433272522761,5.844907318673482,2.05938194583102,5.388976184333243,0.004820200418712708,5.853193050477563,2.0668880590578405,328.6188853870812,0.9694712966997157,223.96762856441265,0.9602743846950014,1
