epoch,step,train_loss,train_acc,val_loss,val_acc,train_task,train_kl,train_recon,train_contr,val_task,val_kl,val_recon,val_contr,train_ppl,train_te,val_ppl,val_te,sav_version
0,82,13.696663891396872,0.011465719703596139,13.227730495173757,0.038766930253154294,5.80861830129856,0.005226023126075544,5.817854049729138,2.064965409476583,5.364177110718518,0.005394727213126494,5.791807261908927,2.066351401369746,342.0398602906845,0.9704468841503302,219.10680060037274,0.9632338745749703,1
