epoch,step,train_loss,train_acc,train_ppl,train_te,val_loss,val_acc,val_ppl,val_te,sav_version
0,21,15.255407560439338,0.004711900980564267,399.35555980635036,0.9719794090543578,15.004215240478516,0.015194979678746527,312.57528951139506,0.9714673566770353,1
1,42,14.67334760938372,0.04605055712129535,231.3816291010758,0.9640067927977234,14.269320715041388,0.08795932337014889,153.10210416962386,0.9439786483662163,2
2,63,14.0813627243042,0.1153397144723917,128.75766248276497,0.9167422120370945,13.829158147176107,0.19135165461585837,101.64208820967616,0.8905203608663871,3
