epoch,step,train_loss,train_acc,val_loss,val_acc,train_task,train_kl,train_recon,train_contr,val_task,val_kl,val_recon,val_contr,train_ppl,train_te,val_ppl,val_te,sav_version
0,21,15.216146968659901,0.004760074563426056,14.99952493395124,0.01743251243045635,5.926956199464344,0.004140624554739112,5.866891474950881,3.4181584744226363,5.728049437204997,0.0041188376379154975,5.861564727056594,3.40579198655628,376.3517900004827,0.9718866050581997,307.7603624236899,0.9714653079526633,1
1,42,14.679126058306013,0.05291934018019377,14.298681804112025,0.08336248948937938,5.401120526450021,0.004141291293005149,5.861585026695614,3.4122792993273054,5.029811405000233,0.004090652158040376,5.852140676407587,3.412639402207874,227.1746272476082,0.9639808565907528,153.71659902292902,0.943688633196646,2
2,63,14.07644694192069,0.10296877404327989,13.845754578000022,0.1793519255500026,4.827656246366955,0.004137397810284581,5.838676066625686,3.40597711290632,4.6047287214370005,0.004356962362570422,5.8305719920567105,3.4060969920385453,126.34082175733768,0.916596251151898,100.72464177880634,0.8899875128640583,3
