epoch,step,train_loss,train_acc,val_loss,val_acc,train_task,train_kl,train_recon,train_contr,val_task,val_kl,val_recon,val_contr,train_ppl,train_te,val_ppl,val_te,sav_version
0,82,11.539151180081252,0.029333752807407423,13.080076101349622,0.07196878079141927,5.685997567525724,0.0045196230795870465,5.8486340045928955,2.0607453875425383,5.168799935317621,0.004569929007940539,5.8384939926426584,2.0682122198546806,304.7133606314467,0.9695399616029236,177.80503711648237,0.9552694037047674,1
