epoch,step,train_loss,train_acc,val_loss,val_acc,train_task,train_kl,train_recon,train_contr,val_task,val_kl,val_recon,val_contr,train_ppl,train_te,val_ppl,val_te,sav_version
0,82,13.655226905171464,0.018445994352796903,13.137327647790677,0.06943992322350437,5.738985614078801,0.004403723474796407,5.842504902583797,2.0693326825048866,5.247799373254543,0.0044438294986853515,5.8283584176040275,2.0567260457248224,321.1965445706976,0.9707348803544862,192.48046515382342,0.9611223295666584,1
