epoch,step,train_loss,train_acc,val_loss,val_acc,train_task,train_kl,train_recon,train_contr,val_task,val_kl,val_recon,val_contr,train_ppl,train_te,val_ppl,val_te,sav_version
0,82,7.846762872323757,0.01546007387526083,13.144665683188089,0.054762477420536505,5.772905041531819,0.004698884923283647,5.8430313715120645,2.069158924062078,5.228680232676064,0.004599571205312159,5.842785137455638,2.0686008130631794,332.83536872903363,0.969911710501813,189.31018480354408,0.9572000614071055,1
