epoch,step,train_loss,train_acc,train_ppl,train_te,val_loss,val_acc,val_ppl,val_te,sav_version
0,428,8.241252639583339,0.42804465329649144,83.41391202275717,0.7147464264167043,6.3656275272369385,0.7222637659869457,4.2380120858380455,0.4100462212330138,1
