epoch,step,train_loss,train_acc,val_loss,val_acc,train_task,train_kl,train_recon,train_contr,val_task,val_kl,val_recon,val_contr,train_ppl,train_te,val_ppl,val_te,sav_version
0,82,5.789490339232654,0.02439508775077739,13.187656658451731,0.06667220983957045,5.785006296343919,0.004484037479681031,5.854983556561354,2.06883234367138,5.269234273491836,0.004536009254501905,5.8514278923592915,2.0624584388442155,335.5467296223313,0.9699749638530304,196.20069825336748,0.9590076667352457,1
