epoch,step,train_loss,train_acc,val_loss,val_acc,train_task,train_kl,train_recon,train_contr,val_task,val_kl,val_recon,val_contr,train_ppl,train_te,val_ppl,val_te,sav_version
0,2333,7.665363102934159,0.4155363210554723,2.8737270316835177,0.6389446328622336,3.2786831812596966,0.11496298493153986,4.271716932498279,2.0831578538696807,1.7259500986438687,0.12137963275535632,1.0263973056512363,2.0802499374090613,65.24741788215185,0.694863687822032,6.946784773284367,0.4446365418327189,1
0,4666,4.929521082975913,0.5701939817926551,1.8127893050343304,0.7695061321661701,2.2173078660859193,0.08648233597082607,2.625730877774905,2.083433166804152,0.845894092220371,0.03467595540934195,0.9322192552104845,2.0838059247550316,34.42852386470509,0.5107676225104071,2.4505032193800083,0.23527643267591214,2
