epoch,step,train_loss,train_acc,val_loss,val_acc,train_task,train_kl,train_recon,train_contr,val_task,val_kl,val_recon,val_contr,train_ppl,train_te,val_ppl,val_te,sav_version
0,2333,9.652655552346156,0.4213946596357893,4.9664925165095575,0.6395306573312927,3.227556641756901,0.11600465649811562,4.226547714330789,2.0825465560419283,1.703549203226122,0.1161855087315632,1.0665026933459911,2.0802551442283694,64.08105462665287,0.6928959690037276,6.304872800025127,0.42061437317314543,1
0,4666,6.961904108294386,0.5736107554784547,3.8784176454705706,0.7736494637955427,2.1909177711227907,0.08641115167053265,2.602147352290521,2.0824278407070294,0.8379737681756585,0.037846156885310754,0.9227413370952768,2.0798563846087053,33.879372156430925,0.5083903652368834,2.403331520793456,0.2318491057050459,2
