epoch,step,train_loss,train_acc,val_loss,val_acc,train_task,train_kl,train_recon,train_contr,val_task,val_kl,val_recon,val_contr,train_ppl,train_te,val_ppl,val_te,sav_version
0,2333,5.3100461564348125,0.42050934371773596,3.766682383367571,0.6460006457876932,3.2219129441584635,0.004857577849478903,5.925802264763366,2.0832756352026065,1.6838873917773618,0.0039169029618802845,5.927887932728913,2.0788780870073933,59.19742484700227,0.6939081090385968,6.157874395948201,0.43953896699034994,1
0,4666,4.263079994285868,0.5750712718927299,2.911314355114759,0.7748569021007213,2.176848274006948,0.004236936045319969,5.926316972357288,2.081994784527258,0.8298118627172405,0.002816530087591796,5.928481536396479,2.0786859600220695,31.338625012063986,0.5097716676112389,2.4131830787763753,0.24357540106450706,2
