epoch,step,train_loss,train_acc,val_loss,val_acc,train_task,train_kl,train_recon,train_contr,val_task,val_kl,val_recon,val_contr,train_ppl,train_te,val_ppl,val_te,sav_version
0,2333,3.2881980250436658,0.4132359897823815,1.6954226114992368,0.6510470118637579,3.2834603127061786,0.004737711681908917,5.919940955844296,2.0831453682678327,1.6916611760349598,0.003761431981683156,5.921318989689067,2.0820497329962455,66.8789753894359,0.7064630026424882,6.414618493918576,0.44787710651193446,1
0,4666,2.2284789120836725,0.5674992701406095,0.8979355716856859,0.7595410422240447,2.224611316347296,0.0038675955763989656,5.923121225154302,2.0823296368556425,0.896020714130442,0.0019148570047375763,5.928247900332435,2.0793336634918793,35.273730106197455,0.5184160055195075,2.5517701445819805,0.2591475398817615,2
