epoch,step,train_loss,train_acc,val_loss,val_acc,train_task,train_kl,train_recon,train_contr,val_task,val_kl,val_recon,val_contr,train_ppl,train_te,val_ppl,val_te,sav_version
0,2333,9.523311050675021,0.5533646775364606,5.2474848395687035,0.8287028404553798,2.586264954926985,0.08753715957081017,4.7664404803471045,2.083068450326016,0.8472419160149866,0.08023357208249933,2.241367029941688,2.0786423263913494,50.74744151281664,0.5883968161385816,2.4207162967945517,0.25636324622575457,1
0,4666,7.1650538190566975,0.721521706393533,4.636184934842384,0.9015152581000406,1.5477571664765266,0.06523099140033758,3.469551780757299,2.0825138805099583,0.3921485572927079,0.02810850176739238,2.141702870191154,2.0742250039415846,26.227343696965562,0.38867874990784734,1.4947024295392881,0.11762436133077175,2
