epoch,step,train_loss,train_acc,val_loss,val_acc,train_task,train_kl,train_recon,train_contr,val_task,val_kl,val_recon,val_contr,train_ppl,train_te,val_ppl,val_te,sav_version
0,2333,2.5929487182176323,0.5553702768690044,0.8283898423788911,0.8301355675250617,2.588091711399129,0.004857006007837402,5.911734600001735,2.0827351663943476,0.8249987425693011,0.003391099379445284,5.9086639739699285,2.082053985130989,49.776932172488756,0.5926269974087738,2.3525171168573173,0.2562876587085588,1
0,4666,1.5540603007490523,0.7217345526853958,0.37139755436929606,0.9046451402224207,1.5505941525896858,0.0034661479687070804,5.911517044223535,2.0825791520669745,0.3703126407907171,0.001084913192336621,5.912602834782358,2.080019586167093,25.746328316504897,0.3904595093860272,1.4650089696070383,0.12682617966309045,2
