epoch,step,train_loss,train_acc,val_loss,val_acc,train_task,train_kl,train_recon,train_contr,val_task,val_kl,val_recon,val_contr,train_ppl,train_te,val_ppl,val_te,sav_version
0,2333,4.690452836482657,0.5534209487515834,2.9230193667492625,0.8270445347594474,2.6033797408575876,0.0047807021356362205,5.914512143541803,2.08229239309902,0.8382426600082445,0.003921357567532588,5.9146375615718005,2.08085534481679,52.430208116574924,0.5887533950789321,2.3940753933319754,0.26361920363536706,1
0,4666,3.644184903530312,0.7205009748703893,2.444540836043277,0.9060317152061641,1.5593078617266816,0.00394405070421347,5.9137646294539445,2.08093299264822,0.3662663276417781,0.002342555633947348,5.913008303965553,2.0759319541818004,27.07545446002702,0.3888448334500223,1.4659286335450248,0.10979670986945683,2
