epoch,step,train_loss,train_acc,val_loss,val_acc,train_task,train_kl,train_recon,train_contr,val_task,val_kl,val_recon,val_contr,train_ppl,train_te,val_ppl,val_te,sav_version
0,2333,7.4810644038184435,0.560843658847031,3.200974170434273,0.8318381048067073,2.6021359722679693,0.08573251916973844,4.793195910531463,2.0819982376110895,0.8487191513433294,0.08248351602736166,2.269771496623249,2.0770388462785947,50.79384394197166,0.5956292737050489,2.4296874119837826,0.2836302921103708,1
0,4666,5.109976603808037,0.7244631076753577,2.5295376878673745,0.9054349704439684,1.5593392282207024,0.06469253105797237,3.485944843757219,2.0824218415621263,0.3671714728855986,0.03358371674193669,2.128782503685709,2.083157728284092,26.257227919501798,0.3939613505668904,1.4617497689311223,0.1200297785855875,2
