epoch,step,train_loss,train_acc,val_loss,val_acc,train_task,train_kl,train_recon,train_contr,val_task,val_kl,val_recon,val_contr,train_ppl,train_te,val_ppl,val_te,sav_version
0,1250,2.0703029440879823,0.9830743351499454,2.082867636394501,0.9825083401989344,0.06941943326622714,0.03111392219811678,5.864532991790772,1.969769589328766,0.07546640832694247,0.029399488838016987,5.865033917617798,1.9780017396926879,1.075780839394085,0.08820421749376016,1.0832279565738478,0.08099803772266867,1
1,2500,2.0835619079589844,0.9798607453246786,2.070944509601593,0.9830448360608285,0.08143556988313794,0.027985137701034547,5.86405898361206,1.9741411990165711,0.07044838685104624,0.028552218744158746,5.863838206863403,1.9719439016342164,1.0912866937122516,0.09084846599108728,1.0771664277770117,0.07935823657322409,2
2,3750,2.0940374440193175,0.9803327053394398,2.0866852963447573,0.9816023690739528,0.08141087440438569,0.025065843306481837,5.863105908966064,1.987560728931427,0.07592038782127201,0.025738254971802235,5.8622174793243405,1.9850266554832459,1.0902800561871675,0.08836006486579796,1.0855560279539351,0.09071032902476382,2
3,5000,2.086640402984619,0.981601137352767,2.096832176399231,0.9822330721214791,0.07632302115838975,0.024722365881502627,5.861149011611938,1.9855950174331665,0.07231693519162946,0.025321238066256045,5.862989474868774,1.9991940001487731,1.08414907230828,0.08669270123917266,1.0816528459814396,0.07703295157594613,2
4,6250,2.0869437663078307,0.9815764935862137,2.0939174816131594,0.9822282003537445,0.0747264383783564,0.023627307447046043,5.862648777008056,1.9885900218009949,0.07320499422363937,0.02174485402852297,5.864110087585449,1.9989676341056823,1.081297186004667,0.08749885501274762,1.0810080434615876,0.08756785588472432,2
