epoch,step,train_loss,train_acc,val_loss,val_acc,train_task,train_kl,train_recon,train_contr,val_task,val_kl,val_recon,val_contr,train_ppl,train_te,val_ppl,val_te,sav_version
0,1250,0.8090943000793457,0.9835789671191365,0.8016248927116394,0.9834664364429065,0.0699393063548021,0.01143718311227858,0.7277178110837936,2.0805299339294434,0.06864867137894035,0.010520182775240392,0.7224560378313064,2.0804089012145996,1.0757585730395995,0.09271404769352493,1.07535724879472,0.08673662027369043,1
1,2500,0.8052190601110458,0.9827154200297942,0.8120155519247055,0.9833884734676067,0.07343092544339597,0.011562310365960001,0.7202258244633675,2.0809521198272707,0.07365719534694218,0.010711658189073206,0.7276466987013817,2.0801147188186646,1.0804109771103447,0.09540782334590388,1.0814046678915326,0.07272680779882709,1
2,3750,0.8128272847175598,0.9815718964236904,0.815992893743515,0.9836825791632621,0.07851267357468605,0.011446698135696352,0.7228679120182991,2.080693474769592,0.06993091088924556,0.010107262593321502,0.7359547200202942,2.0800356925964354,1.0873368274627253,0.09387802769095538,1.0775925493755674,0.09206063934569307,1
3,5000,0.800724800658226,0.9824446830609807,0.8136122769355774,0.9835854978409571,0.07501697497852147,0.011665315774641931,0.7140425099134445,2.080572047805786,0.06945732245147228,0.01296664822883904,0.7311883072733879,2.0799102384567263,1.0821873203187802,0.09653864022175597,1.0762617946955877,0.09000389668873865,1
4,6250,0.8145281865119934,0.9826057145701685,0.7983190637826919,0.9829789738765677,0.07498013372467831,0.01204677875917405,0.7275012747168541,2.08084979057312,0.07248793219104409,0.012269600383006037,0.7135615302562713,2.080116216087341,1.0832070113858536,0.09176526021004447,1.0813880303133054,0.08889171533767225,2
