epoch,step,train_loss,train_acc,val_loss,val_acc,train_task,train_kl,train_recon,train_contr,val_task,val_kl,val_recon,val_contr,train_ppl,train_te,val_ppl,val_te,sav_version
0,1250,2.7037073001861573,0.9826021649779343,2.710973487472534,0.9832672154424621,0.07294507803916932,0.05952596679627895,0.7104883954167366,1.8607478637695312,0.06823090188005008,0.05978218832910061,0.7151905734062195,1.8677698231697082,1.0800269225336723,0.08106180994379324,1.0740061823419957,0.08039805451580831,1
1,2500,2.7020440662384035,0.9817220895397826,2.7058208164215087,0.9810940055191976,0.07626896364074201,0.06095779713690281,0.7074407206058502,1.8573765832901001,0.07959100930308922,0.06311886985003948,0.7031052465081215,1.8600056894302368,1.0854868834073714,0.08842209529686465,1.0885523666514232,0.08126660655078512,2
2,3750,2.6966434938430788,0.981718094504701,2.6841991649627683,0.9822315643903785,0.07567388243414462,0.061511042487621306,0.7120678775787354,1.8473906909942628,0.07371050190618261,0.060296374881267545,0.7011353640079498,1.8490569198608398,1.0829363210395493,0.08382668774386398,1.0812222413587202,0.08090143501170696,3
3,5000,2.6695864616394043,0.9808390630476943,2.677699515724182,0.9822788204364064,0.07967492646947504,0.061803596207499506,0.6889145257711411,1.8391934145927429,0.0748957996156998,0.06099904339313507,0.7004672510027885,1.8413374208450317,1.0880324167069937,0.08411585364070687,1.0826619912173616,0.0700780344173798,4
4,6250,2.6730839195251463,0.9817076425411697,2.6796961433410647,0.9822467939871682,0.07536874110605568,0.06342993149161338,0.6989443920016288,1.8353408557891846,0.07438256173892878,0.062088738039135935,0.7058435032844543,1.8373813426971435,1.0824961173917838,0.08313873049025448,1.0827253307677405,0.0794440410959874,4
