epoch,step,train_loss,train_acc,val_loss,val_acc,train_task,train_kl,train_recon,train_contr,val_task,val_kl,val_recon,val_contr,train_ppl,train_te,val_ppl,val_te,sav_version
0,1250,1.2187208030700685,0.9935909816701162,1.1340363209247588,0.993004676387326,0.021472615276565195,0.02367130223661661,1.1735768860816955,2.0816045515060426,0.021597307760530385,0.02446617442369461,1.0879728407859803,2.081531063461304,1.0220689139723576,0.01625606117942206,1.0223728301850956,0.008680223886120053,1
1,2500,1.1079519379138947,0.9936727036921761,1.0749249591350556,0.9930861243336158,0.019346380602178397,0.02747575988471508,1.0611297980308532,2.0837065420150758,0.02131491963536246,0.03523803879469633,1.0183719994068146,2.082155444717407,1.0197782794357801,0.011709698056049812,1.021995163278671,0.01210762182270643,2
2,3750,1.0507993869781493,0.9935742397463071,1.0298472438812256,0.994164642248155,0.020125198210700183,0.03786596633940935,0.9928082227230072,2.0841367752075195,0.017258197912655305,0.03610930354446173,0.9764797415733337,2.081133299446106,1.020600009784525,0.011370497277956955,1.017638960090581,0.010361079450988618,3
3,5000,1.028259989261627,0.9937934816200603,1.0239203167915345,0.9944806949297328,0.0185302469506918,0.03933362569957972,0.9703961179733276,2.0831841260910036,0.017325441543012857,0.039093178948760035,0.9675016956329345,2.081321384239197,1.0189112172632935,0.010993480196717892,1.017724194340258,0.009937004654768747,4
