epoch,step,train_loss,train_acc,val_loss,val_acc,train_task,train_kl,train_recon,train_contr,val_task,val_kl,val_recon,val_contr,train_ppl,train_te,val_ppl,val_te,sav_version
0,1250,3.0653706478118896,0.9937272177137519,3.0176424364089964,0.9934684752887735,0.02083744051559479,0.0907355523943901,1.1007843675613402,1.8530132880210877,0.02015826630266092,0.09511692249774933,1.0590447844028472,1.8433224658966065,1.0213571403063537,0.015761594871068964,1.0206584308513984,0.012796797845074615,1
1,2500,2.981741286277771,0.9929908659223465,2.95966247882843,0.9930383925521188,0.02231602409282932,0.09867392632961274,1.0394622726917266,1.821289063167572,0.023420011484502175,0.10291104338169098,1.0143783926010133,1.818953023147583,1.022918629788912,0.013205614721342806,1.024162404435966,0.012634212382297286,2
2,3750,2.9203475908279417,0.9924065781196019,2.9135635719299318,0.9930821952372045,0.023678731254977173,0.10484186113476754,1.0033335773944854,1.7884934233665466,0.021499362262838984,0.10691588490009307,0.9917792988777161,1.7933690265655517,1.024396138195874,0.013225074354393311,1.0220537331507393,0.013283273881117927,3
3,5000,2.8833082901000977,0.9927768002802326,2.8855285539627076,0.9932739042491785,0.022692600603203755,0.10972633240222932,0.9819901460170746,1.7688992087364197,0.02101136610498361,0.10873499172925949,0.9765975547790527,1.7791846370697022,1.0232923233542166,0.013024876210576006,1.0216372819915844,0.01232009298191697,4
