epoch,step,train_loss,train_acc,val_loss,val_acc,train_task,train_kl,train_recon,train_contr,val_task,val_kl,val_recon,val_contr,train_ppl,train_te,val_ppl,val_te,sav_version
0,1250,1.967019218826294,0.9941412465547577,1.942150992012024,0.9943750262341626,0.019610749581520214,0.03826776937991381,5.8764087657928465,1.9091406982421875,0.017058983506313234,0.04077713601142168,5.877253065490723,1.8843148715019227,1.020137717572892,0.015839076254002795,1.0174764684396034,0.011681311468008264,1
1,2500,1.9287828272819518,0.9930718187564207,1.92820175447464,0.9929732146714099,0.020948343808064238,0.042691846318542954,5.878720250701904,1.865142638015747,0.02163269270729652,0.046590755340456966,5.873347481918335,1.8599783089637756,1.02152075403476,0.01306466238918712,1.0222401319539045,0.016264353676766926,2
2,3750,1.905493520259857,0.9930892734753995,1.9122154494285584,0.9936757879811366,0.021107164475589524,0.046967190071940425,5.876745617294311,1.837419165802002,0.019161440341170236,0.047642437452077864,5.878479267883301,1.8454115732192993,1.021654603318645,0.012903609350617318,1.0196831326492324,0.011242481552535303,3
3,5000,1.8887272176742553,0.9933321303677664,1.9028575749397278,0.9933567652168904,0.019991951286938273,0.047103624597191814,5.877312005615234,1.8216316418647767,0.020366220635565695,0.04765449697375298,5.876957518768311,1.8348368576049805,1.0205137390241732,0.011659332240777864,1.0209667854816507,0.012294838359047522,4
