epoch,step,train_loss,train_acc,val_loss,val_acc,train_task,train_kl,train_recon,train_contr,val_task,val_kl,val_recon,val_contr,train_ppl,train_te,val_ppl,val_te,sav_version
0,1250,0.013886495699523948,0.9963718346249336,0.011590569313496234,0.9961504822975107,0.013880354722539777,6.1409940710291264e-06,5.880439143753052,2.0799573724746705,0.011581344120080758,9.225200861692429e-06,5.881470909118653,2.079524519729614,1.0141631903299593,0.012236147904730967,1.0118630855927246,0.0054706354811077385,1
1,2500,0.014146472417912446,0.9951970659616837,0.014562898772142945,0.9958749617905278,0.014116612860969326,2.985954589676112e-05,5.878773090744018,2.0792495918273928,0.014522655884198321,4.024289604276419e-05,5.878680621337891,2.0799035894393922,1.014411376204457,0.008637058868139551,1.014808865333806,0.010483326883150712,1
2,3750,0.014434335791214834,0.9949716947132796,0.01114550539858319,0.9964457785968965,0.014396706193115097,3.7629611208103594e-05,5.878912302017212,2.0800387035369874,0.011110679584004537,3.482583335135132e-05,5.880614604949951,2.079760860824585,1.014665697352924,0.00893093625618266,1.0112972759816647,0.008843555748019,2
3,5000,0.012649266162476852,0.9957475242894225,0.010272630083812693,0.9964509874315065,0.012609734921509517,3.9531260309740903e-05,5.880371527862549,2.0800072086334227,0.010242065162442304,3.056490714661777e-05,5.879911572647095,2.079566411781311,1.012832020661567,0.0075155597933900505,1.0104259781415001,0.006477472159916965,3
