epoch,step,train_loss,train_acc,val_loss,val_acc,train_task,train_kl,train_recon,train_contr,val_task,val_kl,val_recon,val_contr,train_ppl,train_te,val_ppl,val_te,sav_version
0,1867,7.556927274750974,0.44090890155926615,2.481780868588072,0.6834520476895248,2.8291897565589337,0.09850737222619495,4.629230127432924,2.0830977814173277,1.3259922476729962,0.14649157677636002,1.0092970355592592,2.070399495688352,55.566224128471305,0.6320563060143833,4.2543876664177045,0.3570677918152354,1
1,3734,1.9796532773052107,0.7477588481704546,1.7320181751492048,0.7722417058656258,0.9943863977610777,0.06606013577852456,0.9192067458547241,2.08230654581639,0.8116601479775978,0.042406784163581,0.877951237589422,2.0707106650477707,2.9528826540262503,0.271666613807101,2.374024070118658,0.18176224271236532,2
