epoch,step,train_loss,train_acc,val_loss,val_acc,train_task,train_kl,train_recon,train_contr,val_task,val_kl,val_recon,val_contr,train_ppl,train_te,val_ppl,val_te,sav_version
0,1867,2.873461064643635,0.440086794283906,1.460944312991518,0.6655865610532348,2.8677580167919032,0.005703048272623048,5.893556557559814,2.082785457229001,1.457076361083021,0.0038679529856326003,5.887933475802643,2.06731188658512,53.984442528074005,0.6464562520542791,4.908811467543807,0.35931744061258686,1
1,3734,1.0141667844972064,0.7459102452701868,0.7987202183164731,0.7779321390390521,1.0116107872960143,0.002555997626541455,5.88804349454891,2.0823908124176906,0.7970055332689574,0.0017146894624786018,5.886263755836872,2.0739984783259304,3.037261619964181,0.2783760985145986,2.317868693761345,0.19019719555973066,2
