epoch,step,train_loss,train_acc,val_loss,val_acc,train_task,train_kl,train_recon,train_contr,val_task,val_kl,val_recon,val_contr,train_ppl,train_te,val_ppl,val_te,sav_version
0,2277,8.121101743409547,0.3821104304833721,2.6814774602651594,0.6627716386189764,3.31240274542824,0.10168134031586634,4.707017653393913,1.3866226973112707,1.555206073820591,0.2332271500180165,0.8930442238847415,1.3902151336272557,86.51651538679977,0.6988792409177863,5.756908823495391,0.410626414913677,1
1,4554,2.1841407697819597,0.7263212918670927,1.8679974218209585,0.7566527715698332,1.179183930374574,0.11707912026186705,0.8878777197541299,1.3861451971462855,0.9410372316837311,0.0734238193059961,0.8535363654295604,1.3862347304821014,4.13608576640458,0.2985760934983381,2.953522384484064,0.2070209482214519,2
