epoch,step,train_loss,train_acc,val_loss,val_acc,train_task,train_kl,train_recon,train_contr,val_task,val_kl,val_recon,val_contr,train_ppl,train_te,val_ppl,val_te,sav_version
0,1867,4.88231890365665,0.45420889953563,3.4644187628620804,0.6762542372007226,2.794689710566751,0.005154007179567807,5.887402071184058,2.0824751883314203,1.3915277322133381,0.003814900289242617,5.886509379955253,2.069076120251357,47.03919103313416,0.6343387766543697,4.647870898745038,0.3629421769239155,1
1,3734,3.0638885945640406,0.7488123744196241,2.835585487009299,0.7693318546939427,0.9812897313196645,0.003007067272344322,5.887759917932969,2.0795917950279263,0.770172546909313,0.002955982046474637,5.882389497275304,2.062456954007197,2.887491058125709,0.27140028116804876,2.2540306643343557,0.19393403675715826,2
