epoch,step,train_loss,train_acc,val_loss,val_acc,train_task,train_kl,train_recon,train_contr,val_task,val_kl,val_recon,val_contr,train_ppl,train_te,val_ppl,val_te,sav_version
0,2277,9.388575555045824,0.3781372979394511,4.3137094875176745,0.6522912145832432,3.371063500053798,0.12171502958379479,4.5092522819666785,1.3865447489902227,1.5927802468339602,0.23736033091942468,1.0971289383868377,1.3864399641752243,92.71238996311648,0.7054440273829159,6.401740830440574,0.3772589443417796,1
1,4554,3.5735611761668613,0.7287512547356054,3.2877153833707173,0.7598323171906388,1.1643429208165677,0.1185127042993072,0.9044115051306493,1.3862940452053822,0.9019453783830007,0.073591489965717,0.9272662678112586,1.3849122524261475,4.0635130678193425,0.30052329661554916,2.6144227415749186,0.207179230455805,2
