epoch,step,train_loss,train_acc,val_loss,val_acc,train_task,train_kl,train_recon,train_contr,val_task,val_kl,val_recon,val_contr,train_ppl,train_te,val_ppl,val_te,sav_version
0,1867,9.656723522284354,0.44816395324484026,4.639280627472232,0.6770718289544958,2.8137459933406603,0.0971179350419444,4.664222781439165,2.0816368151936993,1.4356546143088678,0.1600275244375672,0.9717889069908797,2.071809561565669,50.84014367093467,0.6303765288934868,5.660672563785679,0.38415697551130357,1
1,3734,4.048707084727274,0.7467066049058775,3.839402533540822,0.7588511674380994,0.9992391989872171,0.06190219073968899,0.9061194039087086,2.0814462884199063,0.8479043133933135,0.036417543398912504,0.8908857176400194,2.0641949538028603,2.99177734642996,0.2696057483161018,2.5263509739480488,0.20139096365705592,2
