epoch,step,train_loss,train_acc,val_loss,val_acc,train_task,train_kl,train_recon,train_contr,val_task,val_kl,val_recon,val_contr,train_ppl,train_te,val_ppl,val_te,sav_version
0,2277,4.687727286253365,0.3815429738810531,3.170455100138982,0.6055397779924897,3.2923628641002054,0.009355930498399112,5.888302779375695,1.3860084859750017,1.767898861070474,0.017039379690929005,5.894895724455515,1.3855168650547662,73.84657645540427,0.7108271539833575,7.544901471376298,0.4501934129885951,1
1,4554,2.7070763641457103,0.7031363672436229,2.3944662074247995,0.7399069345959093,1.3062518570354542,0.015766919715690754,5.893258175621653,1.3850575887586236,0.9995296741525332,0.009322314841362337,5.888929049173991,1.3856142193078995,4.967036672126263,0.3385307263189675,3.4693206738272875,0.23316553295247658,2
