epoch,step,train_loss,train_acc,val_loss,val_acc,train_task,train_kl,train_recon,train_contr,val_task,val_kl,val_recon,val_contr,train_ppl,train_te,val_ppl,val_te,sav_version
0,2277,3.3860549369714845,0.3679819249329691,1.845987318456173,0.5917039155553302,3.3774779485829,0.008576985800759045,5.898406406741002,1.3863352098954995,1.8304128915071487,0.015574429448073109,5.897307153542837,1.3885144551595052,86.58656006274609,0.7213024969634729,7.689543049927418,0.4509740369745837,1
1,4554,1.335022813645852,0.7020321880514799,0.9730968594551086,0.7505186519340402,1.3181143000911713,0.01690851479071795,5.9003103953157545,1.3862062467521463,0.9623876474797726,0.010709214680052053,5.8990158597628275,1.3846623768409094,5.001963905389705,0.3433642985388701,3.105972953357923,0.2391046322915709,2
