epoch,step,train_loss,train_acc,val_loss,val_acc,train_task,train_kl,train_recon,train_contr,val_task,val_kl,val_recon,val_contr,train_ppl,train_te,val_ppl,val_te,sav_version
0,1867,2.195074267872975,0.6017767633161625,0.661810144330516,0.8612849022013629,2.1906239296512675,0.004450338167833273,5.877774181631586,2.081681042159376,0.658598408253506,0.0032117333512452213,5.874357112730392,2.068957193933352,34.45758968914452,0.5360926616156376,1.9776850941865025,0.22487115169213162,1
1,3734,0.45154989219056646,0.8929390343551498,0.3248861287579392,0.910353775353414,0.44972737669050855,0.0018225153364248856,5.877948903756533,2.082566934980424,0.3237669773475088,0.0011191510929340364,5.878036219664295,2.071719821053322,1.5940872740260346,0.15691437772530847,1.3935364920638937,0.11746809102831772,2
2,5601,0.30180954706496455,0.9105571836051365,0.2753130937314997,0.9131766522152005,0.30110330309022476,0.0007062437715274234,5.877325258730054,2.0819542849836465,0.27475527147151,0.0005578213954001025,5.881422476335005,2.069385251011511,1.3595344723313214,0.10280521393968646,1.3221835267347637,0.08629485165565172,3
