epoch,step,train_loss,train_acc,val_loss,val_acc,train_task,train_kl,train_recon,train_contr,val_task,val_kl,val_recon,val_contr,train_ppl,train_te,val_ppl,val_te,sav_version
0,1867,7.4986608752479,0.5741128999917946,2.958834751687869,0.8567614342548758,2.3103945222396423,0.07554463169302535,5.112721718628265,2.0808347595778773,0.6769158602362931,0.14154445304714067,2.140374450972586,2.0647810348356614,44.90886259974395,0.5536573400842528,2.016769506211684,0.2225971011183314,1
1,3734,2.470694999868498,0.8926613905926611,2.3329675498634876,0.9087051942674546,0.4519124545224797,0.05025375536261361,1.9685287897319927,2.0816674130321764,0.3303490072639302,0.04898285613668085,1.9536356962088384,2.0704507948172215,1.6000902290185288,0.16010370861048623,1.401282865228441,0.10381163181176735,2
2,5601,2.2307297701368247,0.9106454641356123,2.2410795351471564,0.9145294799471057,0.3008830314517085,0.0290751749760385,1.9007715657872188,2.0815432744672355,0.27072617441716823,0.01993320101514609,1.950420152057301,2.06535844610195,1.360360890884876,0.1033638487141639,1.316353492945833,0.08480987681514657,3
