epoch,step,train_loss,train_acc,val_loss,val_acc,train_task,train_kl,train_recon,train_contr,val_task,val_kl,val_recon,val_contr,train_ppl,train_te,val_ppl,val_te,sav_version
0,2277,4.313529725654846,0.4845968223921214,2.457607505718867,0.7992508685769507,2.915465754770531,0.01178581159738566,5.877403447959943,1.3862781634077357,1.0410982216397922,0.025831787187295657,5.877149701118469,1.3906774878501893,70.85168193210434,0.6598565492003676,3.2896036240641724,0.30255321926250556,1
1,4554,2.069948327419629,0.8602640535698705,1.8096712400515875,0.8968643303468692,0.6678868094962263,0.015609814377430439,5.88224489227114,1.3864517051188319,0.4179239170004924,0.006106929186110695,5.8803244153658545,1.385640381773313,2.136502849436154,0.2178370805505853,1.5587185229231484,0.13340561929792277,2
