epoch,step,train_loss,train_acc,val_loss,val_acc,train_task,train_kl,train_recon,train_contr,val_task,val_kl,val_recon,val_contr,train_ppl,train_te,val_ppl,val_te,sav_version
0,1867,4.368852778782356,0.5838221050630211,2.76968368014904,0.8514519985150277,2.2829351193233167,0.004771875878386938,5.8761930345658895,2.0811457826801334,0.6990860790917368,0.003573576124817735,5.880193305738045,2.0670240298666136,52.70630249042734,0.5428999226955364,2.055334954808514,0.24295091556871354,1
1,3734,2.5398399366627546,0.8914349956438179,2.412924364359692,0.906303643914871,0.45816291337129456,0.0026564956777372427,5.876782443093053,2.079020528788227,0.3454480782301739,0.0032924525028169907,5.875546595062873,2.064183842052113,1.6086335621877776,0.15927034716903604,1.4249079079908773,0.10906932393667616,2
2,5601,2.3847816327579787,0.9085220089137208,2.3568524910946085,0.9111336206656401,0.30743409810965877,0.004204683031873846,5.876016650789871,2.0731428510439094,0.2929318770013674,0.005851594843511291,5.870857075007275,2.058069018402485,1.371270895453234,0.10546440740416636,1.3454562337761158,0.06603495864681874,3
