epoch,step,train_loss,train_acc,val_loss,val_acc,train_task,train_kl,train_recon,train_contr,val_task,val_kl,val_recon,val_contr,train_ppl,train_te,val_ppl,val_te,sav_version
0,2277,8.07244441296691,0.48463935230542027,3.3077314376831053,0.835079399441825,2.9053068505890494,0.08984443419529096,5.07729311812903,1.3864483537514796,0.8197722737987836,0.21562682799994945,2.272332324584325,1.3888669947783152,73.63180838603272,0.6540388080263674,2.537703277436899,0.2516936997959288,1
