epoch,step,train_loss,train_acc,val_loss,val_acc,train_task,train_kl,train_recon,train_contr,val_task,val_kl,val_recon,val_contr,train_ppl,train_te,val_ppl,val_te,sav_version
0,2277,9.501459304627799,0.48180980860835804,4.725378712018331,0.8229747904424551,2.9020694814390082,0.0881185915694745,5.125123453391557,1.3861477846737016,0.8825982265174389,0.22043485802908738,2.23511098921299,1.387234655022621,71.45074970829032,0.6558098662352136,2.653201527807186,0.28349845391433137,1
