epoch,step,train_loss,train_acc,val_loss,val_acc,train_task,train_kl,train_recon,train_contr,val_task,val_kl,val_recon,val_contr,train_ppl,train_te,val_ppl,val_te,sav_version
0,2277,2.929463241254231,0.4891125024975457,1.0657527613143125,0.79511617641275,2.915751164060022,0.013712074276514689,5.884115751867081,1.3864569777608913,1.0387210418780646,0.027031720685772597,5.880621973673502,1.3884481857220332,71.34972043735816,0.6583739600565273,3.1854114607013737,0.30899377776329895,1
1,4554,0.6941002520962037,0.8600018635036161,0.4324810650199652,0.8937406704497549,0.677762689778142,0.016337562474100262,5.886638340219155,1.3862624709732867,0.4261117409914732,0.006369324494153261,5.8890498042106625,1.3862773805856705,2.1708473105331385,0.22032531367069666,1.57805771988658,0.1344184807264552,2
