epoch,step,train_loss,train_acc,val_loss,val_acc,train_task,train_kl,train_recon,train_contr,val_task,val_kl,val_recon,val_contr,train_ppl,train_te,val_ppl,val_te,sav_version
0,1867,9.476599686338611,0.5890932410196615,5.011146583942452,0.8575000483408945,2.2251498175931603,0.07311240216691185,5.097940736488665,2.0803967200311417,0.6705511973963844,0.1360690232479211,2.1365336408518782,2.0679927004708185,39.04785506929141,0.5388519495326748,1.9988745667060799,0.20652848013301903,1
1,3734,4.536604554179395,0.891553537307002,4.378605315179536,0.9016720213517113,0.4545922077110762,0.05221603658543147,1.9497305871843973,2.0800657193802485,0.3513324320918382,0.03122559152167253,1.9357757580400718,2.060271520205218,1.6039553899598733,0.15857430159637567,1.4322080734203047,0.1327994962945249,2
2,5601,4.3182789053454655,0.9120419621014781,4.306099080076121,0.9130465331886777,0.29287823248728434,0.027452795112322983,1.9194655993052454,2.078482278988332,0.26358383374683786,0.045533525484679926,1.9363027865236455,2.060678901094379,1.3476369219156963,0.10107521622828759,1.307943584696847,0.0844651238123464,3
